"VETTING_LEVEL","PASSPORT_COUNTRY","COUNTRIES_VISITED_COUNT","ARRIVAL_AIRPORT_REGION","DEPARTURE_AIRPORT_COUNTRY_CODE","AGE","Category"
"100","Ghana","5","US-TX","LB","35","Sports/Travel"
"100","Ghana","3","US-TN","CL","22","Sports/Travel"
"10","Ghana","3","US-OH","UZ","40","Sports/Travel"
"10","Ghana","8","US-WI","PK","39","Sports/Travel"
"100","Ghana","2","US-WA","KH","33","Sports/Travel"
"100","Ghana","7","US-TX","HU","36","Sports/Travel"
"100","Ghana","8","US-WA","NL","34","Sports/Travel"
"100","Ghana","1","US-DC","UZ","36","Sports/Travel"
"100","Ghana","1","US-AZ","UZ","23","Sports/Travel"
"100","Ghana","4","US-NY","RO","23","Sports/Travel"
"100","Ghana","2","US-OH","LB","36","Sports/Travel"
"100","Ghana","1","US-NC","AE","22","Sports/Travel"
"100","Ghana","2","US-OH","AE","24","Sports/Travel"
"100","Ghana","7","US-GA","CO","37","Sports/Travel"
"100","Ghana","6","US-IL","VN","16","Sports/Travel"
"30","Ghana","1","US-FL","QA","16","Sports/Travel"
"100","Ghana","5","US-GA","ID","34","Sports/Travel"
"100","Ghana","2","US-TN","QA","27","Sports/Travel"
"100","Ghana","1","US-OH","AE","38","Sports/Travel"
"100","Ghana","5","US-LA","IR","39","Sports/Travel"
"100","Ghana","4","US-CO","BS","35","Sports/Travel"
"100","Ghana","1","US-CA","QA","36","Sports/Travel"
"100","Ghana","1","US-NH","AE","36","Sports/Travel"
"30","Ghana","4","US-ID","AZ","19","Sports/Travel"
"30","Ghana","3","US-SC","LT","18","Sports/Travel"
"100","Ghana","3","US-NJ","BY","26","Sports/Travel"
"100","Ghana","6","US-NV","JP","15","Sports/Travel"
"100","Ghana","2","US-TN","QA","29","Sports/Travel"
"100","Ghana","3","US-NC","CO","46","Finance"
"100","Ghana","2","US-WI","RU","24","Finance"
"100","Ghana","3","US-MO","QA","22","Finance"
"100","Ghana","5","US-IN","PL","43","Finance"
"100","Ghana","5","US-OH","CU","26","Finance"
"100","Ghana","4","US-TX","EC","37","Finance"
"100","Ghana","5","US-CA","FI","30","Finance"
"100","Ghana","3","US-MN","UZ","21","Finance"
"100","Ghana","11","US-OH","DE","46","Finance"
"100","Ghana","7","US-MI","RU","38","Finance"
"100","Ghana","8","US-IL","KZ","34","Finance"
"100","Ghana","8","US-VA","NG","24","Finance"
"100","Ghana","5","US-FL","CZ","30","Finance"
"100","Ghana","4","US-CA","QA","32","Finance"
"100","Ghana","5","US-WA","BS","32","Finance"
"100","Ghana","5","US-FL","ME","21","Finance"
"100","Ghana","2","US-ID","JP","25","Finance"
"100","Ghana","5","US-MA","IS","16","Finance"
"100","Ghana","2","US-NY","MT","15","Finance"
"100","Ghana","7","US-NY","OM","30","Finance"
"100","Ghana","8","US-VA","EC","34","Finance"
"100","Ghana","5","US-WV","SA","30","Finance"
"100","Ghana","2","US-TX","RU","36","Finance"
"100","Ghana","2","US-OH","RU","37","Finance"
"100","Ghana","4","US-PA","LK","46","Finance"
"100","Ghana","2","US-TN","NO","27","Finance"
"100","Ghana","2","US-IA","AE","20","Finance"
"100","Ghana","1","US-AR","RU","22","Finance"
"100","Ghana","2","US-DE","GB","23","Finance"
"30","Ghana","7","US-CA","EG","20","Finance"
"100","Ghana","3","US-GA","RU","36","Finance"
"100","Ghana","2","US-WI","RU","44","Finance"
"100","Ghana","12","US-NC","SG","26","Finance"
"100","Ghana","7","US-NC","PT","40","Finance"
"100","Ghana","2","US-MN","UZ","46","Finance"
"100","Ghana","8","US-TN","RU","45","Finance"
"100","Ghana","2","US-TX","TH","43","Finance"
"100","Ghana","2","US-AR","RU","44","Finance"
"100","Ghana","2","US-VA","AL","25","Finance"
"100","Ghana","3","US-FL","BE","26","Finance"
"100","Ghana","5","US-NC","TN","42","Finance"
"100","Ghana","1","US-TX","QA","39","Finance"
"100","Ghana","5","US-GA","ET","29","Finance"
"100","Ghana","11","US-NY","GR","44","Finance"
"100","Ghana","4","US-LA","BZ","46","Finance"
"100","Ghana","12","US-AR","CH","29","Finance"
"100","Ghana","9","US-OH","ME","33","Finance"
"100","Ghana","2","US-MS","ME","24","Finance"
"100","Ghana","4","US-AL","UZ","30","Finance"
"100","Ghana","3","US-NY","AU","38","Finance"
"30","Ghana","5","US-CO","MA","19","Finance"
"100","Ghana","2","US-FL","UZ","30","Finance"
"100","Ghana","12","US-FL","BG","32","Finance"
"100","Ghana","3","US-DC","OM","33","Finance"
"100","Ghana","1","US-CA","OM","33","Engineering"
"100","Ghana","8","US-AR","RU","23","Engineering"
"100","Ghana","5","US-CA","NG","46","Engineering"
"100","Ghana","2","US-CO","LY","46","Engineering"
"100","Ghana","1","US-TX","OM","37","Engineering"
"100","Ghana","3","US-OK","AE","36","Engineering"
"20","Ghana","1","US-NM","OM","17","Engineering"
"100","Ghana","3","US-OK","RU","23","Engineering"
"100","Ghana","3","US-NC","JO","32","Engineering"
"100","Ghana","3","US-VA","ME","46","Engineering"
"100","Ghana","5","US-WI","TN","43","Engineering"
"100","Ghana","12","US-IL","KZ","34","Engineering"
"100","Ghana","1","US-AR","UZ","28","Engineering"
"100","Ghana","1","US-CA","RU","25","Engineering"
"100","Ghana","10","US-IL","NG","36","Engineering"
"100","Ghana","1","US-CA","UZ","40","Engineering"
"100","Ghana","1","US-NY","UZ","22","Engineering"
"30","Brazil","5","US-IL","NL","41","Engineering"
"100","Ghana","6","US-NH","BY","24","Engineering"
"100","Ghana","2","US-MD","CK","26","Engineering"
"100","Ghana","4","US-NY","AE","32","Engineering"
"20","Ghana","2","US-IN","AE","42","Engineering"
"100","Ghana","1","US-AK","QA","21","Engineering"
"100","Ghana","3","US-AZ","IS","25","Engineering"
"100","Ghana","4","US-TX","AE","43","Engineering"
"100","Ghana","3","US-IA","QA","21","Engineering"
"30","Brazil","4","US-CA","RU","39","Engineering"
"100","Ghana","4","US-SC","ME","28","Engineering"
"100","Ghana","10","US-AZ","MX","30","Engineering"
"100","Ghana","2","US-IA","MT","24","Engineering"
"100","Ghana","3","US-ME","KE","27","Engineering"
"100","Ghana","3","US-MN","SE","37","Engineering"
"100","Ghana","2","US-TX","QA","45","Engineering"
"100","Ghana","2","US-SC","JP","21","Engineering"
"100","Ghana","4","US-LA","AR","43","Engineering"
"20","Ghana","3","US-VA","LB","32","Engineering"
"30","Brazil","3","US-AR","IL","37","Engineering"
"20","Ghana","9","US-GA","CK","45","Engineering"
"100","Ghana","3","US-NC","MY","21","Engineering"
"100","Ghana","7","US-NC","VN","24","Engineering"
"100","Ghana","7","US-LA","JO","36","Engineering"
"100","Ghana","1","US-VA","OM","21","Engineering"
"10","Ghana","6","US-CO","AM","15","Engineering"
"100","Ghana","2","US-AL","AE","35","Engineering"
"100","Ghana","6","US-NH","CY","19","Engineering"
"100","Ghana","3","US-HI","GE","45","Engineering"
"100","Ghana","8","US-FL","LY","23","Engineering"
"100","Ghana","2","US-MI","RU","16","Engineering"
"100","Ghana","11","US-TX","IS","32","Engineering"
"100","Ghana","11","US-CA","AU","37","Engineering"
"100","Ghana","2","US-CA","CO","37","Engineering"
"100","Ghana","3","US-PA","KZ","44","Engineering"
"100","Ghana","3","US-TX","KZ","30","Engineering"
"100","Ghana","2","US-PA","QA","29","Engineering"
"100","Ghana","5","US-FL","NL","34","Engineering"
"100","Ghana","3","US-CT","NG","28","Engineering"
"100","Ghana","4","US-CA","OM","23","Engineering"
"100","Ghana","3","US-PA","UZ","27","Engineering"
"100","Ghana","4","US-FL","KH","42","Engineering"
"100","Ghana","5","US-CA","IN","40","Engineering"
"100","Ghana","3","US-KY","KW","43","Engineering"
"100","Ghana","5","US-MD","UA","22","Engineering"
"100","Ghana","1","US-NC","QA","44","Engineering"
"100","Ghana","6","US-WA","GR","33","Engineering"
"100","Ghana","3","US-NC","AE","38","Engineering"
"100","Ghana","9","US-IA","BZ","38","Engineering"
"100","Ghana","7","US-IN","RO","32","Engineering"
"100","Ghana","2","US-TX","OM","22","Engineering"
"100","Ghana","2","US-FL","UZ","21","Engineering"
"100","Ghana","5","US-CA","CL","29","Engineering"
"20","Ghana","6","US-TX","EG","16","Engineering"
"100","Ghana","6","US-OH","CA","25","Engineering"
"100","Ghana","3","US-TN","EC","46","Engineering"
"100","Ghana","4","US-TX","PH","45","Engineering"
"100","Ghana","3","US-FL","RU","19","Engineering"
"30","Ghana","8","US-DC","SN","19","Engineering"
"30","Pakistan","5","US-ME","QA","41","Engineering"
"30","Brazil","5","US-TX","LV","30","Engineering"
"100","Ghana","8","US-OH","SG","43","Engineering"
"30","Pakistan","3","US-OH","UA","46","Engineering"
"100","Ghana","4","US-NC","KZ","33","Engineering"
"100","Ghana","3","US-HI","TR","27","Engineering"
"100","Ghana","1","US-FL","AE","45","Engineering"
"100","Ghana","7","US-MO","MY","27","Engineering"
"100","Ghana","2","US-TN","QA","36","Engineering"
"100","Ghana","2","US-MS","OM","35","Engineering"
"100","Ghana","3","US-NC","MY","40","Engineering"
"100","Ghana","9","US-NM","RO","25","Engineering"
"100","Ghana","4","US-WV","IT","21","Engineering"
"100","Ghana","4","US-GA","PL","43","Engineering"
"100","Ghana","3","US-LA","IT","44","Engineering"
"30","Ghana","7","US-CO","FI","19","Engineering"
"100","Ghana","2","US-AL","VN","36","Engineering"
"100","Ghana","1","US-CA","QA","30","Engineering"
"10","Brazil","5","US-NC","AL","30","Engineering"
"100","Ghana","4","US-FL","SD","17","Engineering"
"100","Ghana","4","US-TX","TR","39","Engineering"
"100","Ghana","6","US-TX","SA","37","Engineering"
"100","Ghana","5","US-FL","CZ","40","Engineering"
"100","Ghana","10","US-OK","MY","47","Engineering"
"100","Ghana","11","US-TN","IS","23","Engineering"
"100","Ghana","2","US-CA","KW","40","Engineering"
"100","Ghana","1","US-VA","OM","27","Engineering"
"100","Ghana","1","US-GA","OM","32","Engineering"
"100","Ghana","3","US-AK","UA","32","Engineering"
"100","Ghana","3","US-CO","NZ","21","Engineering"
"100","Ghana","2","US-VA","SI","45","Engineering"
"100","Ghana","2","US-AR","TR","22","Engineering"
"100","Ghana","3","US-DC","OM","21","Engineering"
"30","Ghana","4","US-AL","UZ","39","Government"
"100","Ghana","1","US-CA","UZ","28","Government"
"100","Ghana","3","US-WY","IS","24","Government"
"30","Ghana","1","US-GA","QA","41","Government"
"20","Ghana","6","US-NC","PH","43","Government"
"30","Ghana","1","US-FL","AE","34","Government"
"100","Ghana","3","US-TN","IL","46","Government"
"100","Ghana","2","US-TN","BG","26","Government"
"100","Ghana","5","US-IL","QA","34","Government"
"100","Ghana","4","US-MS","TR","25","Government"
"30","Ghana","4","US-TN","AL","19","Government"
"100","Ghana","4","US-OH","RU","34","Government"
"100","Ghana","4","US-CO","VN","43","Government"
"100","Ghana","4","US-TX","IE","22","Government"
"100","Ghana","4","US-NM","BG","28","Government"
"10","Ghana","4","US-SC","LT","38","Government"
"100","Ghana","8","US-WV","UZ","38","Government"
"100","Ghana","3","US-MI","ES","31","Government"
"100","Ghana","2","US-AL","AT","30","Government"
"30","Ghana","1","US-AZ","UZ","18","Government"
"100","Ghana","2","US-IA","RU","35","Government"
"10","Ghana","2","US-OK","RS","18","Government"
"10","Brazil","3","US-NM","DZ","21","Government"
"100","Ghana","5","US-KS","DE","34","Government"
"100","Ghana","8","US-WA","IT","40","Government"
"100","Ghana","3","US-MN","OM","45","Government"
"30","Ghana","1","US-CA","AE","18","Government"
"100","Ghana","2","US-NY","SN","42","Government"
"100","Ghana","9","US-LA","PH","28","Government"
"30","Ghana","1","US-TN","QA","19","Government"
"20","Ghana","11","US-IA","GB","16","Government"
"100","Ghana","1","US-NM","OM","28","Government"
"100","Ghana","5","US-CO","NZ","43","Government"
"100","Ghana","5","US-FL","RU","18","Government"
"30","Ghana","10","US-DE","JP","38","Government"
"30","Ghana","8","US-IL","LB","42","Government"
"20","Ghana","4","US-GA","TN","32","Government"
"100","Ghana","11","US-FL","QA","21","Government"
"100","Ghana","5","US-FL","QA","21","Government"
"100","Ghana","2","US-MT","RU","21","Government"
"100","Ghana","5","US-NY","CZ","43","Government"
"100","Ghana","1","US-MN","UZ","46","Government"
"100","Ghana","4","US-WA","AE","42","Government"
"100","Ghana","3","US-FL","BZ","33","Government"
"100","Ghana","7","US-IL","DK","46","Government"
"100","Ghana","7","US-NC","GE","36","Government"
"100","Ghana","2","US-SC","JM","44","Government"
"20","Ghana","2","US-TX","TN","18","Government"
"100","Ghana","5","US-CA","QA","31","Government"
"100","Ghana","2","US-AZ","AE","44","Government"
"100","Ghana","1","US-VA","UZ","46","Government"
"100","Ghana","3","US-IN","OM","26","Government"
"30","Brazil","5","US-LA","IR","39","Government"
"100","Ghana","1","US-IN","QA","20","Government"
"100","Ghana","4","US-WI","MA","40","Government"
"100","Ghana","3","US-WV","QA","39","Government"
"100","Ghana","2","US-TN","RU","36","Government"
"30","Ghana","1","US-SC","AE","17","Government"
"100","Ghana","1","US-CO","UZ","33","Government"
"20","Ghana","4","US-MA","AE","16","Government"
"100","Ghana","4","US-IN","CY","27","Government"
"100","Ghana","11","US-SC","BY","33","Government"
"30","Ghana","1","US-PA","OM","19","Government"
"100","Ghana","6","US-OR","AZ","42","Government"
"100","Ghana","4","US-AR","AT","26","Government"
"100","Ghana","3","US-NY","RU","29","Government"
"100","Ghana","1","US-IL","UZ","39","Government"
"100","Ghana","11","US-OH","TR","23","Government"
"100","Ghana","3","US-NC","QA","39","Government"
"100","Ghana","4","US-FL","FR","40","Government"
"100","Ghana","5","US-NC","PA","45","Government"
"30","Brazil","1","US-OH","RU","26","Government"
"100","Ghana","10","US-WA","CA","39","Government"
"100","Ghana","5","US-TX","NZ","42","Government"
"100","Ghana","12","US-IL","HR","29","Government"
"100","Ghana","4","US-ME","EE","28","Government"
"20","Bangladesh","2","US-MO","UZ","31","Government"
"100","Ghana","6","US-SC","CK","37","Government"
"100","Ghana","3","US-FL","HU","16","Government"
"100","Ghana","3","US-ID","DO","27","Government"
"100","Ghana","4","US-WI","RO","42","Government"
"100","Ghana","12","US-LA","EC","34","Government"
"100","Ghana","6","US-CT","CZ","37","Retail"
"100","Ghana","5","US-LA","PG","40","Retail"
"100","Ghana","6","US-OH","HR","21","Retail"
"100","Ghana","5","US-FL","AE","17","Retail"
"10","Ghana","3","US-MO","OM","19","Retail"
"100","Ghana","5","US-TX","QA","32","Retail"
"100","Ghana","1","US-MI","RU","21","Retail"
"100","Ghana","7","US-OH","JO","44","Retail"
"100","Ghana","2","US-WV","QA","34","Retail"
"100","Ghana","3","US-MS","CU","32","Retail"
"100","Ghana","3","US-FL","QA","39","Retail"
"100","Ghana","9","US-OH","MT","47","Retail"
"100","Ghana","3","US-FL","RU","46","Retail"
"100","Ghana","4","US-FL","KE","26","Retail"
"100","Ghana","9","US-NC","PA","37","Retail"
"100","Ghana","4","US-MD","CL","43","Retail"
"10","Ghana","12","US-IL","MT","16","Retail"
"100","Ghana","6","US-OH","ET","23","Retail"
"100","Ghana","7","US-TX","MX","24","Retail"
"10","Ghana","12","US-OH","RS","15","Retail"
"100","Ghana","4","US-TN","LV","26","Retail"
"100","Ghana","7","US-FL","CN","19","Retail"
"100","Ghana","2","US-FL","GB","37","Retail"
"100","Ghana","6","US-NC","EE","34","Retail"
"100","Ghana","12","US-FL","AL","20","Retail"
"100","Ghana","3","US-NC","EE","46","Retail"
"20","Ghana","3","US-CA","RU","36","Retail"
"100","Ghana","1","US-MO","QA","23","Retail"
"100","Ghana","9","US-AL","OM","21","Retail"
"100","Ghana","12","US-NY","AL","33","Retail"
"100","Ghana","12","US-FL","AE","25","Retail"
"20","Pakistan","2","US-KY","DE","27","Retail"
"100","Ghana","5","US-HI","FI","34","Retail"
"100","Ghana","9","US-OH","DZ","31","Retail"
"100","Ghana","6","US-NC","TW","30","Retail"
"100","Ghana","6","US-WA","HR","31","Retail"
"100","Ghana","4","US-VA","QA","35","Retail"
"10","Ghana","12","US-OH","BY","18","Retail"
"30","Ghana","1","US-NC","RU","15","Retail"
"100","Ghana","4","US-TN","SK","31","Retail"
"100","Ghana","9","US-FL","FR","28","Retail"
"100","Ghana","8","US-AK","PG","43","Retail"
"100","Ghana","5","US-TN","UZ","37","Retail"
"100","Ghana","2","US-VA","TR","36","Retail"
"10","Ghana","9","US-NV","HR","16","Retail"
"100","Ghana","3","US-FL","PL","19","Retail"
"100","Ghana","4","US-MO","PK","21","Retail"
"100","Ghana","3","US-IN","QA","38","Retail"
"100","Ghana","4","US-TX","SA","35","Retail"
"100","Ghana","4","US-TN","BZ","35","Retail"
"100","Ghana","3","US-GA","AE","46","Retail"
"100","Ghana","7","US-OH","SE","28","Retail"
"100","Ghana","4","US-OK","FI","36","Retail"
"100","Ghana","4","US-MN","RS","19","Retail"
"100","Ghana","6","US-CT","IT","41","Retail"
"100","Ghana","3","US-IL","SE","25","Retail"
"20","Ghana","4","US-TX","BY","16","Retail"
"100","Ghana","2","US-GA","QA","41","Retail"
"100","Ghana","9","US-TX","ID","22","Retail"
"100","Ghana","4","US-NY","KZ","36","Retail"
"100","Ghana","1","US-LA","RU","46","Retail"
"100","Ghana","1","US-IA","RU","29","Information Technology"
"30","Ghana","3","US-AK","PL","19","Information Technology"
"100","Ghana","4","US-PA","CU","26","Information Technology"
"100","Ghana","3","US-IL","BN","32","Information Technology"
"100","Ghana","10","US-AR","IN","39","Information Technology"
"100","Ghana","1","US-TN","AE","46","Information Technology"
"100","Ghana","6","US-OH","LY","17","Information Technology"
"100","Ghana","2","US-CA","IL","35","Information Technology"
"100","Ghana","2","US-IA","LB","29","Information Technology"
"100","Ghana","2","US-IL","AE","30","Information Technology"
"20","Ghana","7","US-TN","MX","18","Information Technology"
"100","Ghana","3","US-TX","CK","20","Information Technology"
"100","Ghana","5","US-TX","ES","21","Information Technology"
"100","Ghana","1","US-TX","UZ","34","Information Technology"
"100","Ghana","5","US-OK","CN","16","Information Technology"
"100","Ghana","2","US-AZ","IS","41","Information Technology"
"100","Ghana","2","US-IA","QA","28","Information Technology"
"100","Ghana","7","US-LA","LY","16","Information Technology"
"100","Ghana","3","US-MA","RU","43","Information Technology"
"100","Ghana","4","US-CA","LV","37","Information Technology"
"100","Ghana","9","US-MO","ID","45","Information Technology"
"100","Ghana","4","US-FL","QA","42","Information Technology"
"100","Ghana","10","US-MD","CH","37","Information Technology"
"100","Ghana","2","US-TN","QA","21","Information Technology"
"100","Ghana","4","US-NH","CL","46","Information Technology"
"10","Bangladesh","4","US-LA","AE","18","Information Technology"
"100","Ghana","2","US-IL","OM","29","Information Technology"
"100","Ghana","3","US-FL","BG","31","Information Technology"
"100","Ghana","8","US-NC","MX","45","Information Technology"
"100","Ghana","2","US-TX","CL","23","Information Technology"
"100","Ghana","1","US-SC","OM","29","Information Technology"
"100","Ghana","4","US-ME","CO","22","Information Technology"
"100","Ghana","4","US-MN","IS","19","Information Technology"
"100","Ghana","3","US-IN","LK","45","Information Technology"
"100","Ghana","5","US-NV","AE","32","Information Technology"
"100","Ghana","12","US-TX","DO","41","Information Technology"
"30","Ghana","7","US-VA","PK","18","Information Technology"
"100","Ghana","3","US-FL","JP","25","Information Technology"
"100","Ghana","3","US-AL","BR","41","Information Technology"
"100","Ghana","4","US-HI","LY","16","Information Technology"
"100","Ghana","1","US-WY","UZ","33","Information Technology"
"30","Ghana","2","US-MN","PG","15","Information Technology"
"100","Ghana","2","US-AZ","RU","31","Journalism"
"100","Ghana","9","US-LA","HU","43","Journalism"
"100","Ghana","8","US-LA","LV","46","Journalism"
"100","Ghana","3","US-WA","UZ","29","Journalism"
"100","Ghana","9","US-NY","PH","24","Journalism"
"100","Ghana","3","US-TX","QA","24","Journalism"
"100","Ghana","5","US-NJ","AE","30","Journalism"
"100","Ghana","3","US-IN","PE","16","Journalism"
"100","Ghana","1","US-TX","QA","20","Journalism"
"30","Ghana","4","US-FL","AE","18","Journalism"
"100","Ghana","3","US-IN","QA","15","Journalism"
"100","Ghana","7","US-SC","CU","30","Journalism"
"100","Ghana","10","US-AL","EE","33","Journalism"
"30","Ghana","8","US-TX","KW","19","Journalism"
"100","Ghana","3","US-CA","OM","45","Journalism"
"100","Ghana","3","US-SC","ET","21","Journalism"
"100","Ghana","3","US-TX","SA","42","Journalism"
"100","Ghana","2","US-GA","RU","35","Journalism"
"100","Ghana","3","US-FL","ET","31","Journalism"
"100","Ghana","4","US-IL","MA","38","Journalism"
"100","Ghana","6","US-WI","AE","21","Journalism"
"100","Ghana","2","US-CA","OM","23","Journalism"
"30","Pakistan","1","US-PA","QA","40","Journalism"
"100","Ghana","9","US-MT","AM","35","Journalism"
"100","Ghana","6","US-OH","AE","29","Journalism"
"100","Ghana","7","US-PA","CH","38","Journalism"
"100","Ghana","7","US-AZ","IS","41","Journalism"
"100","Ghana","6","US-TX","HR","40","Journalism"
"100","Ghana","2","US-HI","FI","29","Journalism"
"30","Ghana","3","US-NH","KE","19","Journalism"
"100","Ghana","5","US-NY","PT","35","Journalism"
"100","Ghana","4","US-NM","AE","42","Journalism"
"30","Ghana","4","US-AL","QA","17","Journalism"
"100","Ghana","2","US-MO","ET","36","Journalism"
"100","Ghana","5","US-FL","IQ","38","Journalism"
"100","Ghana","2","US-DE","JO","15","Journalism"
"100","Ghana","2","US-FL","RU","18","Journalism"
"100","Ghana","2","US-MO","AE","41","Journalism"
"30","Ghana","6","US-FL","KH","18","Journalism"
"100","Ghana","2","US-WA","QA","40","Journalism"
"100","Ghana","12","US-TN","KY","26","Journalism"
"100","Ghana","5","US-FL","LK","17","Journalism"
"100","Ghana","2","US-MN","OM","20","Journalism"
"100","Ghana","5","US-AL","LK","43","Journalism"
"100","Ghana","12","US-OH","IS","37","Journalism"
"100","Ghana","10","US-FL","AR","21","Journalism"
"100","Ghana","3","US-IN","KR","43","Journalism"
"100","Ghana","9","US-NY","KZ","36","Journalism"
"100","Ghana","3","US-TX","OM","27","Journalism"
"100","Ghana","6","US-FL","CZ","28","Journalism"
"100","Ghana","2","US-TX","CZ","43","Journalism"
"100","Ghana","3","US-TX","UZ","43","Journalism"
"100","Ghana","7","US-NV","KW","40","Journalism"
"100","Ghana","5","US-MS","KY","44","Arts"
"10","Ghana","2","US-WA","MY","15","Arts"
"10","Ghana","3","US-CA","QA","20","Arts"
"100","Ghana","5","US-AL","UZ","40","Arts"
"100","Ghana","6","US-MS","TW","20","Arts"
"100","Ghana","1","US-GA","QA","24","Arts"
"100","Ghana","8","US-FL","UZ","27","Arts"
"100","Ghana","4","US-IN","QA","20","Arts"
"100","Ghana","1","US-WI","QA","25","Arts"
"100","Ghana","6","US-IA","JO","18","Arts"
"100","Ghana","2","US-SC","QA","19","Arts"
"100","Ghana","8","US-AR","LU","37","Arts"
"100","Ghana","3","US-MD","CO","32","Arts"
"100","Ghana","5","US-WI","UZ","42","Arts"
"100","Ghana","7","US-TX","AT","38","Arts"
"100","Ghana","10","US-MD","ID","20","Arts"
"10","Ghana","4","US-AL","KW","16","Arts"
"100","Ghana","3","US-VA","OM","17","Arts"
"20","Ghana","6","US-WA","MT","16","Arts"
"30","Ghana","3","US-TX","SE","17","Arts"
"100","Ghana","3","US-NC","DZ","29","Arts"
"100","Ghana","3","US-TX","RU","38","Arts"
"100","Ghana","6","US-OK","RU","29","Arts"
"30","Ghana","1","US-LA","AE","17","Arts"
"100","Ghana","9","US-OK","AL","28","Arts"
"100","Ghana","4","US-VA","BG","42","Arts"
"100","Ghana","5","US-TX","PT","28","Arts"
"100","Ghana","2","US-WA","JP","46","Arts"
"100","Ghana","3","US-OK","LV","24","Arts"
"100","Ghana","5","US-TX","RU","23","Arts"
"100","Ghana","4","US-MO","AE","44","Arts"
"100","Ghana","8","US-HI","CU","15","Arts"
"100","Ghana","3","US-FL","PE","28","Arts"
"100","Ghana","8","US-CA","PK","32","Arts"
"100","Ghana","11","US-MO","IT","30","Arts"
"100","Ghana","2","US-FL","BS","41","Arts"
"10","Ghana","11","US-KY","UZ","17","Arts"
"100","Ghana","12","US-IL","GB","34","Arts"
"100","Ghana","5","US-FL","DE","37","Arts"
"100","Ghana","5","US-TX","HR","17","Arts"
"100","Ghana","11","US-OK","SD","37","Arts"
"30","Brazil","6","US-MS","SA","29","Arts"
"100","Ghana","10","US-DE","IS","36","Arts"
"100","Ghana","3","US-WI","BY","44","Arts"
"30","Ghana","1","US-AZ","RU","18","Arts"
"100","Ghana","7","US-IA","ID","47","Arts"
"100","Ghana","4","US-CA","RU","23","Arts"
"100","Ghana","1","US-IL","RU","38","Arts"
"100","Ghana","5","US-AL","UZ","18","Arts"
"30","Ghana","2","US-CA","NO","17","Arts"
"100","Ghana","3","US-AR","KY","31","Arts"
"30","Ghana","1","US-MS","RU","15","Arts"
"100","Ghana","5","US-HI","SK","35","Arts"
"100","Ghana","1","US-AL","RU","38","Arts"
"100","Ghana","9","US-FL","GB","37","Arts"
"100","Ghana","3","US-NC","OM","43","Arts"
"100","Ghana","2","US-OH","AE","26","Arts"
"100","Ghana","3","US-AL","QA","23","Arts"
"100","Ghana","3","US-CA","RU","34","Arts"
"100","Ghana","6","US-WA","AE","26","Arts"
"10","Ghana","12","US-MD","DZ","15","Arts"
"10","Ghana","2","US-NY","BE","17","Arts"
"100","Ghana","1","US-MD","UZ","28","Arts"
"100","Ghana","4","US-NM","QA","37","Arts"
"100","Ghana","3","US-IL","KH","25","Arts"
"100","Ghana","4","US-GA","BE","41","Arts"
"100","Ghana","3","US-FL","MA","23","Arts"
"100","Ghana","2","US-VA","AE","35","Arts"
"100","Ghana","1","US-TX","RU","21","Arts"
"100","Ghana","12","US-VA","TH","40","Arts"
"100","Ghana","4","US-HI","CL","22","Arts"
"100","Ghana","6","US-CA","AE","45","Arts"
"100","Ghana","4","US-MS","TH","15","Arts"
"30","Ghana","1","US-FL","RU","16","Arts"
"100","Ghana","12","US-UT","KR","34","Arts"
"20","Ghana","8","US-AL","SD","17","Arts"
"100","Ghana","10","US-CA","UA","38","Arts"
"30","Ghana","4","US-NY","NL","18","Arts"
"100","Ghana","7","US-IA","KE","35","Arts"
"100","Ghana","3","US-TX","OM","46","Arts"
"100","Ghana","2","US-IN","BS","38","Arts"
"100","Ghana","10","US-LA","ID","33","Arts"
"100","Ghana","12","US-GA","OM","36","Arts"
"100","Ghana","3","US-MN","KE","42","Arts"
"100","Ghana","1","US-KY","AE","43","Arts"
"100","Ghana","2","US-CT","KE","42","Arts"
"30","Ghana","1","US-TX","RU","19","Arts"
"100","Ghana","8","US-NY","CH","22","Arts"
"100","Ghana","5","US-MN","IE","36","Arts"
"100","Ghana","9","US-IN","PL","37","Arts"
"100","Ghana","9","US-GA","DE","26","Arts"
"10","Brazil","10","US-FL","KZ","43","Arts"
"20","Ghana","2","US-MS","OM","38","Arts"
"100","Ghana","2","US-LA","MY","34","Arts"
"100","Ghana","2","US-WY","UZ","21","Arts"
"100","Ghana","12","US-FL","UA","32","Arts"
"10","Ghana","3","US-NH","UZ","18","Arts"
"20","Brazil","4","US-IA","IL","26","Arts"
"20","Brazil","2","US-OH","AE","39","Arts"
"100","Ghana","4","US-TX","UZ","33","Legal"
"100","Ghana","6","US-ME","TH","21","Legal"
"100","Ghana","2","US-CA","RU","18","Legal"
"100","Ghana","3","US-OH","UZ","40","Legal"
"100","Ghana","3","US-MS","SG","25","Legal"
"100","Ghana","2","US-WI","KE","33","Legal"
"100","Ghana","2","US-NC","RU","39","Legal"
"100","Ghana","2","US-MS","RU","42","Legal"
"100","Ghana","3","US-MO","TN","25","Legal"
"100","Ghana","4","US-TX","JP","23","Legal"
"100","Ghana","5","US-OH","KZ","24","Legal"
"100","Ghana","2","US-IN","AE","28","Legal"
"100","Ghana","3","US-NY","AE","37","Legal"
"100","Ghana","1","US-FL","OM","41","Construction"
"100","Ghana","2","US-NV","OM","42","Construction"
"100","Ghana","1","US-VA","AE","34","Construction"
"100","Ghana","3","US-AK","AE","36","Construction"
"100","Ghana","2","US-NJ","EG","28","Construction"
"100","Ghana","6","US-LA","AE","37","Construction"
"100","Ghana","4","US-TX","SA","20","Construction"
"100","Ghana","1","US-NY","QA","22","Construction"
"30","Ghana","1","US-NC","OM","19","Construction"
"100","Ghana","9","US-FL","PT","32","Construction"
"30","Ghana","1","US-MO","AE","16","Construction"
"30","Ghana","2","US-NC","SI","17","Construction"
"100","Ghana","8","US-CO","CY","35","Construction"
"100","Ghana","6","US-WA","KH","39","Construction"
"100","Ghana","7","US-MO","GE","21","Construction"
"100","Ghana","10","US-TX","KZ","34","Construction"
"100","Ghana","8","US-WA","RO","36","Construction"
"20","Ghana","1","US-NM","UZ","31","Construction"
"100","Ghana","4","US-KY","LT","28","Construction"
"100","Ghana","9","US-IN","AE","23","Construction"
"100","Ghana","4","US-LA","FI","41","Construction"
"100","Ghana","12","US-ME","HU","33","Construction"
"30","Ghana","1","US-GA","RU","15","Construction"
"100","Ghana","7","US-PA","RU","36","Construction"
"100","Ghana","4","US-VA","IE","21","Construction"
"30","Ghana","8","US-KY","IR","17","Construction"
"100","Ghana","1","US-IN","QA","39","Construction"
"30","Bangladesh","3","US-NJ","OM","46","Construction"
"100","Ghana","4","US-AZ","SN","25","Construction"
"30","Ghana","5","US-FL","IE","18","Construction"
"100","Ghana","2","US-KY","TW","19","Construction"
"100","Ghana","3","US-MO","BH","34","Construction"
"100","Ghana","6","US-TX","NZ","21","Construction"
"30","Ghana","8","US-TX","QA","19","Construction"
"100","Ghana","5","US-OH","IS","35","Construction"
"100","Ghana","3","US-WI","ZA","46","Construction"
"100","Ghana","8","US-WA","LT","25","Construction"
"100","Ghana","7","US-FL","SA","38","Construction"
"100","Ghana","7","US-NY","LK","33","Construction"
"100","Ghana","3","US-TN","SA","42","Construction"
"100","Ghana","3","US-NC","PL","34","Construction"
"100","Ghana","10","US-FL","ZA","41","Construction"
"100","Ghana","4","US-UT","BE","34","Construction"
"100","Ghana","6","US-OK","QA","19","Construction"
"100","Ghana","6","US-MN","QA","33","Construction"
"100","Ghana","2","US-GA","UZ","23","Construction"
"100","Ghana","2","US-AR","UZ","20","Construction"
"100","Ghana","2","US-NV","UZ","25","Construction"
"100","Ghana","6","US-VA","EG","21","Construction"
"10","Ghana","3","US-TX","IS","15","Construction"
"100","Ghana","11","US-OH","SE","37","Construction"
"100","Ghana","9","US-NC","CZ","22","Construction"
"100","Ghana","4","US-FL","CK","24","Construction"
"30","Bangladesh","5","US-LA","BN","39","Construction"
"30","Brazil","1","US-IL","AE","21","Construction"
"100","Ghana","2","US-CA","QA","25","Construction"
"100","Ghana","2","US-NV","AE","41","Construction"
"100","Ghana","9","US-AK","DK","24","Construction"
"100","Ghana","4","US-AZ","PL","24","Construction"
"10","Ghana","5","US-DC","PL","40","Construction"
"100","Ghana","1","US-MN","OM","23","Construction"
"100","Ghana","3","US-AR","OM","27","Construction"
"30","Ghana","2","US-SC","UZ","17","Construction"
"100","Ghana","4","US-OH","GE","43","Construction"
"100","Ghana","6","US-KY","IL","26","Construction"
"100","Ghana","2","US-MO","IN","38","Construction"
"20","Ghana","5","US-SC","OM","15","Construction"
"100","Ghana","1","US-OK","QA","44","Construction"
"10","Brazil","7","US-MO","ZA","43","Education"
"100","Ghana","7","US-PA","NO","36","Education"
"20","Ghana","7","US-NC","BR","15","Education"
"100","Ghana","8","US-MD","HU","23","Education"
"100","Ghana","4","US-DC","UZ","23","Education"
"100","Ghana","8","US-CA","DE","30","Education"
"100","Ghana","5","US-LA","RU","21","Education"
"100","Ghana","4","US-TX","KH","35","Education"
"100","Ghana","7","US-NC","QA","45","Education"
"10","Ghana","6","US-OH","QA","18","Education"
"100","Ghana","12","US-TX","KY","38","Education"
"20","Ghana","2","US-AL","CL","17","Education"
"100","Ghana","3","US-OK","SK","46","Education"
"100","Ghana","2","US-OH","KG","20","Education"
"100","Ghana","4","US-WA","QA","31","Education"
"100","Ghana","3","US-TX","DE","28","Education"
"100","Ghana","6","US-TX","EG","27","Education"
"100","Ghana","7","US-FL","DK","43","Education"
"100","Ghana","10","US-FL","CK","27","Education"
"100","Ghana","5","US-WV","RU","40","Education"
"100","Ghana","1","US-ID","AE","22","Education"
"100","Ghana","10","US-CA","TR","47","Education"
"100","Ghana","6","US-MO","EC","21","Education"
"100","Ghana","3","US-GA","FR","38","Education"
"100","Ghana","1","US-FL","OM","34","Education"
"100","Ghana","5","US-WI","NO","47","Education"
"100","Ghana","2","US-FL","PA","24","Education"
"10","Ghana","10","US-MI","DZ","18","Education"
"100","Ghana","12","US-TX","EC","41","Education"
"100","Ghana","1","US-FL","AE","35","Education"
"100","Ghana","2","US-NM","QA","28","Education"
"100","Ghana","4","US-GA","RU","31","Education"
"10","Pakistan","3","US-AL","JM","17","Education"
"100","Ghana","2","US-CA","TH","23","Education"
"100","Ghana","6","US-TN","QA","36","Education"
"100","Ghana","5","US-OR","TH","34","Education"
"100","Ghana","2","US-SC","PG","34","Education"
"100","Ghana","2","US-FL","OM","34","Education"
"100","Ghana","2","US-OK","BS","28","Education"
"30","Ghana","2","US-LA","OM","15","Education"
"100","Ghana","1","US-AR","RU","40","Education"
"100","Ghana","5","US-AK","DO","39","Education"
"100","Ghana","4","US-FL","BR","38","Education"
"100","Ghana","6","US-LA","SG","47","Education"
"100","Ghana","3","US-FL","UZ","46","Education"
"100","Ghana","12","US-IL","CZ","41","Education"
"100","Ghana","8","US-MD","BG","31","Education"
"100","Ghana","4","US-ME","LY","43","Education"
"100","Ghana","2","US-CA","CL","33","Education"
"100","Ghana","5","US-FL","RS","39","Education"
"100","Ghana","5","US-IA","CO","47","Education"
"20","Pakistan","1","US-IN","OM","18","Education"
"100","Ghana","1","US-NC","UZ","22","Education"
"100","Ghana","2","US-MS","JO","18","Education"
"100","Ghana","5","US-IN","SE","43","Education"
"100","Ghana","2","US-CA","BH","43","Education"
"100","Ghana","12","US-CO","DK","27","Education"
"100","Ghana","3","US-WA","OM","28","Education"
"100","Ghana","5","US-IL","IS","45","Education"
"100","Ghana","1","US-LA","OM","39","Education"
"100","Ghana","6","US-OH","UZ","16","Education"
"10","Ghana","6","US-NC","LB","42","Other"
"20","Ghana","3","US-GA","MT","39","Other"
"20","Ghana","5","US-FL","ME","46","Other"
"10","Ghana","6","US-IN","AE","41","Other"
"10","Ghana","6","US-NC","HK","38","Other"
"30","Ghana","1","US-OH","RU","32","Other"
"20","Ghana","3","US-CA","AE","16","Other"
"20","Ghana","4","US-CA","SN","40","Other"
"20","Ghana","2","US-LA","IQ","22","Other"
"30","Haiti","9","US-CA","KZ","29","Other"
"20","Ghana","2","US-TX","MY","40","Other"
"20","Ghana","4","US-UT","TN","46","Other"
"20","Ghana","4","US-OH","PG","37","Other"
"20","Ghana","2","US-IN","TW","26","Other"
"30","Brazil","9","US-IA","ES","44","Other"
"20","Ghana","3","US-TX","LU","27","Other"
"20","Ghana","5","US-WA","ZA","41","Other"
"20","Ghana","3","US-NC","OM","30","Other"
"20","Ghana","4","US-WV","LV","23","Other"
"20","Ghana","4","US-IL","UA","46","Other"
"20","Ghana","2","US-OH","UZ","24","Other"
"20","Ghana","3","US-FL","OM","44","Other"
"20","Brazil","3","US-SC","OM","34","Other"
"10","Brazil","2","US-IL","IE","38","Other"
"20","Ghana","2","US-IA","BG","42","Other"
"10","Ghana","10","US-MI","BZ","38","Other"
"20","Ghana","4","US-OK","QA","24","Other"
"30","Ghana","1","US-TX","AE","38","Other"
"20","Ghana","2","US-OK","UZ","42","Other"
"30","Ghana","1","US-FL","OM","20","Other"
"30","India","3","US-IA","RU","27","Other"
"10","Ghana","9","US-FL","CA","39","Other"
"20","Ghana","2","US-CA","AE","35","Other"
"20","Ghana","2","US-FL","ZA","29","Other"
"20","Ghana","2","US-WI","CL","24","Other"
"10","Ghana","6","US-VA","PE","30","Other"
"30","Ghana","1","US-MN","RU","45","Other"
"10","Ghana","6","US-MI","EG","42","Other"
"30","Ghana","1","US-TX","RU","32","Other"
"20","Ghana","3","US-LA","NL","40","Other"
"20","Ghana","3","US-FL","BZ","23","Other"
"20","Ghana","3","US-LA","OM","46","Other"
"20","Ghana","8","US-TX","PK","18","Other"
"20","Ghana","4","US-TX","HR","22","Other"
"20","Ghana","4","US-GA","IN","16","Other"
"10","Ghana","6","US-TX","UZ","45","Other"
"20","Ghana","3","US-OH","PT","23","Other"
"30","Ghana","2","US-TN","PH","18","Other"
"10","Ghana","11","US-ME","OM","41","Other"
"20","Ghana","2","US-HI","AE","22","Other"
"20","Ghana","4","US-MO","MA","21","Other"
"20","Ghana","5","US-WA","RO","23","Other"
"10","Ghana","8","US-IL","BG","30","Other"
"10","Brazil","6","US-OH","ES","22","Other"
"10","Ghana","3","US-CA","OM","17","Other"
"10","Ghana","10","US-MO","NL","37","Other"
"30","Ghana","1","US-SC","UZ","42","Other"
"20","Ghana","4","US-FL","PL","42","Other"
"20","Ghana","3","US-IA","AE","21","Other"
"20","Ghana","1","US-WA","UZ","16","Other"
"30","Ghana","1","US-MI","RU","36","Other"
"10","Ghana","10","US-IN","ME","33","Other"
"10","Ghana","6","US-TX","AM","40","Other"
"10","Ghana","2","US-OH","IQ","42","Other"
"20","Ghana","3","US-PA","AU","23","Other"
"30","Ghana","1","US-NM","AE","18","Other"
"20","Ghana","4","US-CA","HU","38","Other"
"20","Ghana","2","US-OK","BY","25","Other"
"10","Ghana","11","US-IL","IN","40","Other"
"10","Ghana","3","US-TN","GB","17","Other"
"20","Ghana","2","US-MN","GR","37","Other"
"10","Ghana","6","US-KY","HU","35","Other"
"20","Ghana","5","US-MS","AR","23","Other"
"10","Ghana","9","US-AZ","JM","25","Other"
"30","Ghana","5","US-LA","TR","17","Other"
"20","Ghana","2","US-FL","RU","31","Other"
"20","Ghana","4","US-NV","IE","29","Other"
"20","Ghana","5","US-SC","GR","46","Other"
"10","Ghana","7","US-OK","GE","28","Other"
"10","Haiti","2","US-MI","DZ","40","Other"
"10","Ghana","6","US-IN","BA","29","Other"
"10","Ghana","8","US-AK","PA","36","Other"
"20","Ghana","5","US-MO","NZ","44","Other"
"30","Ghana","8","US-IA","QA","18","Other"
"20","Brazil","2","US-IA","OM","31","Other"
"10","Ghana","7","US-TX","SI","46","Other"
"20","Ghana","2","US-TX","AE","33","Other"
"20","Ghana","3","US-VA","OM","29","Other"
"10","Ghana","9","US-SC","MY","45","Other"
"20","Ghana","5","US-SC","MT","21","Other"
"10","Ghana","6","US-AZ","UZ","37","Other"
"10","Brazil","4","US-KS","CK","15","Other"
"20","Ghana","3","US-WV","AE","41","Other"
"30","Ghana","1","US-FL","UZ","28","Other"
"20","Ghana","2","US-CA","OM","30","Other"
"30","Ghana","7","US-FL","OM","17","Other"
"20","Ghana","3","US-OK","UY","32","Other"
"20","Ghana","5","US-AL","NL","32","Other"
"10","Ghana","7","US-FL","UA","46","Other"
"10","Ghana","6","US-NY","AE","15","Other"
"20","Ghana","5","US-TX","KE","21","Other"
"30","Ghana","1","US-KY","OM","26","Other"
"10","Ghana","6","US-LA","TN","31","Other"
"20","Ghana","2","US-SC","MX","24","Other"
"20","Ghana","4","US-AZ","CK","30","Other"
"10","Ghana","8","US-TN","MX","21","Other"
"10","Ghana","12","US-CA","TW","24","Other"
"10","Ghana","4","US-TN","UZ","20","Other"
"20","Ghana","4","US-MD","IL","35","Other"
"20","Ghana","3","US-CA","RU","31","Other"
"20","Ghana","2","US-IL","HR","36","Other"
"30","Ghana","1","US-NY","AE","18","Other"
"20","Ghana","2","US-TX","RU","31","Other"
"10","Ghana","12","US-GA","BE","28","Other"
"100","Ghana","1","US-OR","AE","45","Medical"
"100","Ghana","1","US-KS","UZ","32","Medical"
"100","Ghana","3","US-MO","OM","32","Medical"
"100","Ghana","4","US-MO","GB","27","Medical"
"100","Ghana","3","US-TN","QA","22","Medical"
"100","Ghana","6","US-NY","IE","24","Medical"
"100","Ghana","5","US-OH","RU","25","Medical"
"100","Ghana","1","US-MS","RU","22","Medical"
"100","Ghana","3","US-TX","DE","46","Medical"
"100","Ghana","1","US-TN","AE","46","Medical"
"100","Ghana","7","US-OR","AR","21","Medical"
"100","Ghana","4","US-IN","IS","28","Medical"
"100","Ghana","1","US-LA","RU","38","Medical"
"30","Ghana","2","US-MI","KW","18","Medical"
"100","Ghana","3","US-WV","JM","41","Medical"
"20","Ghana","7","US-CA","UY","15","Medical"
"100","Ghana","2","US-OK","AE","15","Medical"
"30","Ghana","7","US-MO","KH","18","Medical"
"100","Ghana","9","US-AL","RU","35","Medical"
"100","Ghana","7","US-PA","KE","30","Medical"
"100","Ghana","10","US-FL","QA","42","Medical"
"100","Ghana","3","US-NC","GE","36","Medical"
"100","Ghana","4","US-LA","ME","36","Medical"
"100","Ghana","3","US-AL","UZ","28","Medical"
"100","Ghana","3","US-NM","LY","17","Medical"
"100","Ghana","6","US-FL","KY","18","Medical"
"100","Ghana","1","US-TX","RU","33","Medical"
"100","Ghana","3","US-TX","RU","27","Medical"
"100","Ghana","2","US-CA","QA","39","Medical"
"100","Ghana","3","US-NY","MT","23","Medical"
"100","Ghana","4","US-MS","PE","20","Medical"
"100","Ghana","1","US-PA","QA","38","Medical"
"100","Ghana","7","US-IL","LV","35","Medical"
"30","Ghana","1","US-KS","OM","15","Medical"
"100","Ghana","1","US-UT","QA","38","Medical"
"10","Ghana","12","US-IN","IT","16","Medical"
"100","Ghana","10","US-OH","TH","40","Medical"
"30","Brazil","7","US-AL","PE","36","Medical"
"100","Ghana","4","US-OH","AE","23","Medical"
"100","Ghana","4","US-IL","AE","31","Medical"
"100","Ghana","5","US-FL","OM","37","Medical"
"100","Ghana","10","US-ME","CO","30","Medical"
"100","Ghana","7","US-LA","IR","20","Medical"
"100","Ghana","5","US-NH","DK","44","Medical"
"100","Ghana","3","US-CA","IE","42","Medical"
"100","Ghana","2","US-MN","SN","33","Medical"
"100","Ghana","3","US-IL","RU","39","Medical"
"100","Ghana","7","US-OR","KE","42","Medical"
"100","Ghana","1","US-MO","RU","26","Medical"
"100","Ghana","3","US-TN","GR","43","Medical"
"100","Ghana","4","US-CA","EG","30","Medical"
"20","Ghana","12","US-WA","IE","15","Medical"
"100","Ghana","2","US-IA","AE","29","Medical"
"100","Ghana","6","US-WV","PE","27","Medical"
"100","Ghana","3","US-OK","TW","25","Medical"
"100","Ghana","1","US-FL","RU","43","Medical"
"30","Pakistan","1","US-CA","AE","43","Medical"
"100","Ghana","7","US-WV","PT","40","Medical"
"100","Ghana","5","US-MA","RS","36","Medical"
"100","Ghana","4","US-TX","IN","32","Medical"
"100","Ghana","2","US-TX","FI","26","Medical"
"30","Ghana","4","US-FL","KG","18","Medical"
"100","Ghana","6","US-MN","JP","24","Medical"
"100","Ghana","2","US-MN","RU","39","Medical"
"100","Ghana","8","US-CA","AE","31","Medical"
"100","Ghana","1","US-NM","RU","42","Medical"
"100","Ghana","4","US-IL","TN","41","Medical"
"100","Ghana","6","US-WI","PA","40","Medical"
"100","Ghana","1","US-OK","OM","32","Medical"
"100","Ghana","1","US-CA","QA","28","Medical"
"100","Ghana","2","US-TX","KG","17","Medical"
"100","Ghana","7","US-NY","UA","33","Medical"
"100","Ghana","4","US-GA","JM","31","Medical"
"100","Ghana","4","US-NM","OM","25","Medical"
"100","Ghana","2","US-OK","AE","24","Medical"
"30","Brazil","12","US-AK","JO","41","Medical"
"100","Ghana","4","US-FL","QA","38","Medical"
"100","Ghana","5","US-NJ","SA","35","Medical"
"100","Ghana","7","US-TX","LV","28","Medical"
"10","Brazil","4","US-LA","LV","15","Medical"
"100","Ghana","5","US-WA","FR","39","Medical"
"100","Ghana","5","US-MO","AE","24","Medical"
"100","Ghana","5","US-HI","AT","35","Medical"
"100","Ghana","4","US-IL","KE","24","Medical"
"30","Ghana","3","US-SC","CH","19","Medical"
"20","Ghana","6","US-NV","ME","18","Medical"
"100","Ghana","2","US-CO","CO","24","Medical"
"100","Ghana","7","US-AK","CU","36","Medical"
"100","Ghana","6","US-AK","ET","35","Medical"
"20","Ghana","7","US-IL","TH","15","Medical"
"100","Ghana","10","US-FL","AE","39","Medical"
"100","Ghana","5","US-FL","AE","16","Medical"
"100","Ghana","6","US-WV","AL","28","Medical"
"20","Pakistan","3","US-UT","CO","21","Medical"
"100","Ghana","1","US-NC","AE","29","Medical"
"100","Ghana","4","US-WI","MT","40","Medical"
"100","Ghana","4","US-OH","BZ","38","Medical"
"30","Ghana","2","US-NY","LY","26","Medical"
"100","Ghana","3","US-OK","AZ","33","Medical"
"100","Ghana","5","US-OH","HK","45","Medical"
"100","Ghana","3","US-FL","QA","34","Medical"
"100","Ghana","3","US-CA","AE","28","Medical"
"100","Ghana","5","US-AL","LV","39","Medical"
"100","Ghana","2","US-MA","QA","23","Medical"
"100","Ghana","1","US-UT","OM","47","Medical"
"100","Ghana","2","US-TX","CY","15","Medical"
"100","Ghana","5","US-WA","AR","46","Medical"
"100","Ghana","8","US-IL","GB","25","Medical"
"100","Ghana","5","US-OH","SG","15","Medical"
"100","Ghana","6","US-WA","HR","33","Medical"
"30","Ghana","1","US-IN","UZ","18","Medical"
"100","Ghana","2","US-WI","QA","32","Medical"
"100","Ghana","3","US-MN","GB","32","Medical"
"100","Ghana","3","US-GA","PA","27","Medical"
"100","Ghana","2","US-VA","UZ","21","Medical"
"30","Bangladesh","4","US-AZ","JP","46","Medical"
"100","Ghana","2","US-PA","UZ","37","Medical"
"100","Ghana","3","US-CA","PK","31","Medical"
"100","Ghana","4","US-CA","RU","45","Medical"
"100","Ghana","4","US-CA","SN","35","Medical"
"100","Ghana","11","US-FL","BN","35","Medical"
"100","Ghana","3","US-TN","RU","27","Medical"
"100","Ghana","7","US-CA","GB","33","Medical"
"100","Ghana","3","US-OH","PG","16","Medical"
"100","Ghana","3","US-NY","AE","32","Medical"
"100","Ghana","7","US-AZ","BH","23","Medical"
"100","Ghana","3","US-TX","IQ","45","Medical"
"100","Ghana","7","US-TX","EC","19","Medical"
"100","Ghana","5","US-KS","SN","46","Medical"
"100","Ghana","3","US-DC","HR","30","Medical"
"100","Ghana","2","US-CA","KE","25","Medical"
"100","Ghana","6","US-IN","UZ","37","Medical"
"30","Brazil","9","US-IN","BR","20","Medical"
"100","Ghana","4","US-IN","SI","43","Medical"
"100","Ghana","1","US-NC","RU","21","Medical"
"100","Ghana","5","US-TX","OM","16","Medical"
"100","Ghana","1","US-LA","UZ","26","Medical"
"30","Ghana","7","US-IA","UY","18","Medical"
"100","Ghana","1","US-FL","RU","27","Medical"
"100","Ghana","4","US-CA","DO","25","Medical"
"100","Ghana","4","US-CA","QA","23","Medical"
"30","Ghana","3","US-AL","AE","17","Medical"
"100","Ghana","2","US-MO","QA","34","Medical"
"100","Ghana","3","US-FL","AE","46","Medical"
"100","Ghana","2","US-OH","OM","37","Medical"
"100","Ghana","1","US-NJ","UZ","27","Medical"
"100","Ghana","5","US-TX","NL","37","Medical"
"100","Ghana","5","US-ME","MY","35","Medical"
"100","Ghana","2","US-TX","RU","29","Medical"
"100","Ghana","3","US-TX","BE","31","Medical"
"100","Ghana","4","US-MN","EE","37","Medical"
"100","Ghana","4","US-NH","AZ","43","Medical"
"10","Ghana","5","US-TN","BA","15","Medical"
"100","Ghana","2","US-WI","UZ","40","Medical"
"100","Ghana","1","US-TX","AE","44","Medical"
"100","Ghana","2","US-FL","QA","35","Medical"
"30","Ghana","3","US-TN","UZ","18","Medical"
"30","Ghana","7","US-IN","QA","18","Medical"
"100","Ghana","5","US-AL","EE","34","Medical"
"100","Ghana","3","US-TX","LY","33","Medical"
"10","Ghana","5","US-AZ","HU","17","Medical"
"100","Ghana","1","US-CO","OM","21","Medical"
"100","Ghana","2","US-NC","HU","19","Medical"
"100","Ghana","7","US-MS","KW","29","Medical"
"100","Ghana","12","US-VA","SN","44","Medical"
"100","Ghana","7","US-GA","AM","34","Medical"
"20","Ghana","10","US-AR","HK","16","Medical"
"10","Ghana","6","US-IL","PH","15","Medical"
"100","Ghana","7","US-FL","AE","33","Medical"
"100","Ghana","5","US-AZ","QA","36","Medical"
"100","Ghana","1","US-NM","AE","24","Medical"
"100","Ghana","6","US-NY","RU","28","Medical"
"100","Ghana","2","US-TN","ID","22","Medical"
"10","Brazil","2","US-OH","UZ","15","Medical"
"100","Ghana","1","US-PA","QA","33","Medical"
"100","Ghana","4","US-FL","AE","40","Medical"
"100","Ghana","3","US-TX","RU","28","Medical"
"100","Ghana","5","US-TN","AT","37","Medical"
"100","Ghana","5","US-MO","KH","30","Medical"
"100","Ghana","2","US-MN","MT","31","Medical"
"100","Ghana","9","US-NM","NZ","46","Science"
"100","Ghana","1","US-LA","UZ","32","Science"
"100","Ghana","6","US-IA","MX","41","Science"
"100","Ghana","7","US-LA","BY","30","Science"
"100","Ghana","1","US-ID","UZ","29","Science"
"100","Ghana","2","US-IL","TH","31","Science"
"100","Ghana","4","US-TX","LB","44","Science"
"100","Ghana","4","US-NY","QA","32","Science"
"100","Ghana","4","US-SC","DO","21","Science"
"100","Ghana","3","US-CA","HK","37","Science"
"100","Ghana","7","US-FL","KH","35","Science"
"100","Ghana","2","US-FL","CH","43","Science"
"100","Ghana","1","US-NC","AE","38","Science"
"100","Ghana","2","US-WA","CY","46","Science"
"100","Ghana","7","US-TX","DE","43","Science"
"30","Ghana","3","US-LA","QA","15","Science"
"30","Ghana","2","US-IN","IE","18","Science"
"100","Ghana","7","US-OK","BZ","45","Science"
"100","Ghana","3","US-UT","FI","39","Science"
"100","Ghana","12","US-NJ","SE","33","Science"
"100","Ghana","4","US-AZ","ZA","24","Science"
"100","Ghana","5","US-CA","HK","22","Science"
"100","Ghana","2","US-IL","VN","26","Science"
"100","Ghana","4","US-NC","QA","31","Science"
"100","Ghana","5","US-IL","BH","45","Science"
"100","Ghana","3","US-FL","UZ","29","Science"
"100","Ghana","7","US-PA","PE","23","Science"
"100","Ghana","2","US-IL","TW","20","Science"
"100","Ghana","1","US-IN","UZ","37","Science"
"100","Ghana","3","US-GA","SG","45","Science"
"100","Ghana","7","US-PA","RU","24","Science"
"100","Ghana","2","US-LA","PT","45","Science"
"30","Brazil","6","US-OK","PT","32","Science"
"100","Ghana","1","US-OK","OM","22","Science"
"30","Ghana","1","US-IA","UZ","19","Science"
"100","Ghana","4","US-LA","GE","20","Science"
"20","Bangladesh","3","US-FL","TR","16","Science"
"100","Ghana","6","US-WA","GE","32","Science"
"30","Ghana","1","US-OK","RU","19","Science"
"100","Ghana","3","US-AK","CA","31","Science"
"100","Ghana","1","US-UT","RU","38","Science"
"30","Ghana","12","US-NC","SI","20","Science"
"100","Ghana","2","US-SC","QA","43","Science"
"100","Ghana","4","US-MD","ID","39","Science"
"100","Ghana","10","US-VA","ZA","34","Science"
"30","Ghana","7","US-IN","CH","17","Science"
"100","Ghana","4","US-IL","JM","30","Science"
"100","Ghana","4","US-MS","IL","16","Science"
"30","Brazil","5","US-SC","EC","31","Science"
"100","Ghana","2","US-OR","ME","24","Science"
"100","Ghana","9","US-NY","PK","27","Science"
"100","Ghana","4","US-OR","ET","21","Science"
"100","Ghana","7","US-VA","CK","44","Science"
"100","Ghana","4","US-TX","KZ","31","Science"
"100","Ghana","4","US-TX","RU","42","Science"
"100","Ghana","4","US-WA","IT","24","Science"
"100","Ghana","1","US-AL","OM","46","Science"
"100","Ghana","5","US-TN","LT","43","Science"
"100","Ghana","1","US-TX","AE","30","Science"
"100","Ghana","1","US-DC","UZ","43","Science"
"100","Ghana","6","US-WA","AT","22","Science"
"100","Ghana","6","US-IN","SD","15","Science"
"100","Ghana","5","US-MO","AE","19","Science"
"100","Ghana","2","US-NY","NZ","42","Science"
"100","Ghana","4","US-MN","AE","41","Science"
"100","Ghana","4","US-NC","OM","25","Science"
"100","Ghana","3","US-FL","QA","46","Science"
"100","Ghana","4","US-NC","KE","42","Science"
"100","Ghana","2","US-IL","TW","40","Science"
"100","Ghana","8","US-MO","DZ","32","Science"
"100","Ghana","1","US-LA","UZ","40","Science"
"100","Ghana","3","US-CA","GH","36","Science"
"100","Ghana","10","US-MD","NG","31","Science"
"100","Ghana","4","US-VA","DZ","24","Science"
"100","Ghana","2","US-WA","QA","20","Science"
"100","Ghana","5","US-TX","SI","21","Science"
"100","Ghana","3","US-NV","PH","22","Science"
"100","Ghana","2","US-ID","RU","21","Science"
"100","Ghana","6","US-KY","GH","27","Science"
"100","Ghana","1","US-MT","UZ","45","Science"
"30","Brazil","3","US-FL","AE","19","Science"
"100","Ghana","1","US-OH","QA","34","Science"
"30","Haiti","6","US-IA","ET","37","Science"
"100","Ghana","3","US-IL","KH","41","Science"
"30","Ghana","1","US-WA","QA","15","Science"
"100","Ghana","5","US-TN","FR","31","Science"
"100","Ghana","2","US-OH","QA","27","Science"
"100","Ghana","2","US-MN","GE","25","Science"
"100","Ghana","5","US-FL","RO","41","Science"
"100","Ghana","4","US-MI","JM","16","Science"
"100","Ghana","5","US-NC","UZ","36","Science"
"100","Ghana","12","US-MO","ID","27","Science"
"20","Brazil","4","US-FL","QA","36","Science"
"100","Ghana","1","US-VA","QA","36","Science"
"100","Ghana","2","US-LA","RU","39","Science"
"100","Ghana","12","US-MO","BN","39","Science"
"30","Ghana","1","US-WI","RU","19","Science"
"100","Ghana","7","US-TX","AM","30","Science"
"100","Ghana","7","US-ME","RU","24","Science"
"30","Ghana","1","US-MD","RU","15","Advertising"
"100","Ghana","5","US-FL","SK","23","Advertising"
"100","Ghana","1","US-CA","AE","45","Advertising"
"100","Ghana","1","US-MO","QA","41","Advertising"
"100","Ghana","4","US-TN","BE","36","Advertising"
"100","Ghana","7","US-MN","SE","31","Advertising"
"100","Ghana","3","US-NC","KZ","34","Advertising"
"100","Ghana","1","US-NV","AE","46","Advertising"
"100","Ghana","5","US-CA","VN","20","Advertising"
"100","Ghana","6","US-WA","JO","20","Advertising"
"100","Ghana","6","US-FL","CU","43","Advertising"
"30","Ghana","1","US-FL","QA","18","Advertising"
"100","Ghana","2","US-FL","RU","30","Advertising"
"100","Ghana","2","US-MI","UZ","46","Advertising"
"100","Ghana","1","US-NM","QA","38","Advertising"
"100","Ghana","7","US-NH","FI","40","Advertising"
"100","Ghana","1","US-TX","QA","21","Advertising"
"100","Ghana","2","US-MO","UZ","33","Advertising"
"100","Ghana","5","US-CA","IE","25","Advertising"
"100","Ghana","3","US-TN","PH","28","Advertising"
"20","Ghana","6","US-FL","CN","39","Advertising"
"20","Brazil","2","US-CA","RU","43","Advertising"
